read,main_alignment,chimeric_alignment,mate_mapped,num_matched,num_chim_matched,repetative,chimeric,sequence
E00489:560:H7N33CCX2:1:2211:16072:6794,DiNV,chr2,DiNV,111,35,maybe,no,CTGATGGTTGTTGTTGTTGTTGTTGTTGTTGTTGTTGTAATTGTGCTTGTTGTACTGGTAATTGCACAACGGGTGTGGATGTGCTAATGGCACCCAATGATTGCATATTAGTGTTTCCATTAGAGGGTTTTACAT
E00489:560:H7N33CCX2:1:1106:12063:16164,DiNV,chr2,DiNV,82,36,maybe,no,AGAATCAAAAAAAGAAGTACAACAACAACAACAACAACAGCAACAACAACAATTATCATCGGAATGGCAATGTGAAAAATATGAAAGTTTAGTTAAATTAAATACAAATGCAATATGTTTACAACCTATCGCTGC
E00489:560:H7N33CCX2:1:1103:6431:15619,DiNV,chr2,DiNV,88,36,maybe,no,AAAAAAAGAAGTACAACAACAACAACAACAACAGCAACAACAACAATTATCATCGGAATGGCAATGTGAAAAATATGAAAGTTTAGTTAAATTAAATACAAATGCAATATGTTTACAACCTATCGCTGCAAGACA
E00489:560:H7N33CCX2:1:1114:4990:50955,DiNV,chr3,chr3,32,114,yes,no,TGCTGCTGCTGCTGCTGCTGCTGCTACTGATG
E00489:560:H7N33CCX2:1:1119:30289:8148,DiNV,chr3,chr3,33,100,yes,no,TGCTGCTGCTGCTGCTGCTGCTGCTACTGATGT
E00489:560:H7N33CCX2:1:1205:14397:14406,DiNV,chr3,chr3,32,114,yes,no,TGCTGCTGCTGCTGCTGCTGCTGCTACTGATG
E00489:560:H7N33CCX2:1:2203:17665:38667,DiNV,chr3,chr3,32,87,yes,no,TGCTGCTGCTGCTGCTGCTGCTGCTACTGATG
E00489:560:H7N33CCX2:1:2211:13007:62452,DiNV,chr3,chr3,32,114,yes,no,TGCTGCTGCTGCTGCTGCTGCTGCTACTGATG
E00489:560:H7N33CCX2:1:2220:8927:35027,DiNV,chr3,DiNV,55M1D22M1D23M,42,no,maybe,GTCCGGGCTGTTGCCAGTTCCTGCTCCGTCTGATCCGTCGCCCCTCTCCCTTCAATAATAATCTGAAAATGATTGTATATATTTTTGAATAAAAAAAATAATAATTCGAAATAAAAAAACTTAACGTTTAAATTC
E00489:560:H7N33CCX2:1:2220:8927:35027,DiNV,chr3,DiNV,55M1D22M1D15M,50,no,maybe,GCAGGTTCGTCCGGGCTGTTGCCAGTTCCTGCTCCGTCTGATCCGTCGCCCCTCTCCCTTCAATAATAATCTGAAAATGATTGTATATATTTTTGAATAAAAAAAATAATAATTCGAAATAAAAAAACTTAACGT
E00489:560:H7N33CCX2:1:2203:11373:10996,DiNV,chr4,DiNV,45,32,maybe,maybe,GTATCATCATCGTCATCGTCGTCTTTAATAGAATCAAAAAAAGAAGTACAACAACAACAACAACAGCAACAACAACAAT
E00489:560:H7N33CCX2:1:2224:10277:69115,DiNV,chr5,chr5,76,66,no,maybe,TTTTTTTTTATTTCATATATTTAACAATCATTTTAGTACGGTTCTTACAAATTCATCAACTTGTCGACCATTAGAAGTGGACATTACTTGTGGTAGATATGGCGTCGCAGGGCCCGTGCATTCGGGGAAATCTTG
E00489:560:H7N33CCX2:1:1105:9211:48037,DiNV,chr5,DiNV,113,33,yes,no,ACTGATGGTTGTTGTTGTTGTTGTTGTTGTTGTTGTAATTGTGCTTGTTGTACTGGTAATTGCACAACGGGTGTGGATGTGCTAATGGCACCCAATGATTGCATATTAGTGTTTCCATTAGAGGGTTTTACATTA
E00489:560:H7N33CCX2:1:1218:21379:66232,DiNV,chr5,DiNV,113,35,yes,no,GATGGTTGTTGTTGTTGTTGTTGTTGTTGTTGTTGTAATTGTGCTTGTTGTACTGGTAATTGCACAACGGGTGTGGATGTGCTAATGGCACCCAATGATTGCATATTAGTGTTTCCATTAGAGGGTTTTACATTA
E00489:560:H7N33CCX2:1:2110:25154:62013,DiNV,chr5,DiNV,72,35,yes,no,GATGGTTGTTGTTGTTGTTGTTGTTGTTGTTGTTGTAATTGTGCTTGTTGTACTGGTAATTGCACAACGGGTGTGGATGTGCTAATGGCACCCA
E00489:560:H7N33CCX2:1:2206:29975:18643,DiNV,chr5,DiNV,101,37,yes,no,TGGTTGTTGTTGTTGTTGTTGTTGTTGTTGTTGTAATTGTGCTTGTTGTACTGGTAATTGCACAACGGGTGTGGATGTGCTAATGGCACCCAATGATTGCATATTAGTGTTTCCATTAGAG
E00489:560:H7N33CCX2:1:2222:6573:23003,DiNV,chr5,DiNV,71,35,yes,no,GTTGTTGTTGTTGTTGTTGTTGTTGTTGTTGTAATTGTGCTTGTTGTACTGGTAATTGCACAACGGGTGTGGATGTGCTAATGGCACCC
E00489:560:H7N33CCX2:1:1101:13565:33990,DiNV,chr5,DiNV,117,35,yes,no,TGGTGTTGTTGTTGTTGTTGTTGTTGTTGTTGTTGCTTAGATTGTTGAGCAGTGTATGGATCCAACTGACTGTGCATGGGTGGATTAATAATTGAATTATTATTATTATTATCAAACTGCTGCATATTATTATAT
E00489:560:H7N33CCX2:1:2213:6137:8183,DiNV,chr5,DiNV,44,100,no,maybe,TCTTGAGAATTGAAGTATTCAACACAGAGCCTCCATGAATTTGG
E00489:560:H7N33CCX2:1:1113:2037:56176,DiNV,chr5,DiNV,56,42,yes,no,GGGGGTGGGGGGGGGGGGGGGGGGGGGGGGGTGGGGGGGGGGGGGGGGGGTGGGGGGGGGGGGGGGGGGGGGGGGTTGGTGATAAAGATTGACGTTTAATTTGAAATATCATGTATGAAATTTTAATAATTTGAT
E00489:560:H7N33CCX2:1:1204:24738:68008,DiNV,chr5,DiNV,116,36,yes,no,CGAAGACGAAGATGATGATGATGATGATGATGATGAATATGGAAACGATGATGATAGTAGCTGTAAAAATGGATCGACAATTGTAAAAAATACGAACGACAATGATGACAAAAAGTTGAATAAAATTGAAAAAGT
E00489:560:H7N33CCX2:1:1211:29041:48423,DiNV,chr5,DiNV,116,36,yes,no,CGAAGACGAAGATGATGATGATGATGATGATGATGAATATGGAAACGATGATGATAGTAGCTGTAAAAATGGATCGACAATTGTAAAAAATACGAACGACAATGATGACAAAAAGTTGAATAAAATTGAAAAAGT
E00489:560:H7N33CCX2:1:2209:6197:39967,DiNV,chr5,chr5,31,59,no,maybe,TGATAATACTATATGCTTAGCGGCACGAGCT
E00489:560:H7N33CCX2:1:1206:9303:71365,DiNV,VNHH02000150.1,VNHH02000150.2,50,56,no,maybe,CTACACATTTTCAAATAACTTATCCTGAAATTGACATGTTATCGATTACG
E00489:560:H7N33CCX2:1:1108:3934:5739,DiNV,chrx,DiNV,82,35,yes,no,CTGATGGTTGTTGTTGTTGTTGTTGTTGTTGTTGTTGTAATTGTGCTTGTTGTACTGGTAATTGCACAACGGGTGTGGATGTGCTAATGGCACCCAATGATTGCAT
E00489:560:H7N33CCX2:1:1122:9983:69941,DiNV,chrx,DiNV,61,37,yes,no,TGGTTGTTGTTGTTGTTGTTGTTGTTGTTGTTGTAATTGTGCTTGTTGTACTGGTAATTGCACAACGGGTGTGGATGTGCT
E00489:560:H7N33CCX2:1:2220:13555:4052,DiNV,chrx,DiNV,40,37,yes,no,GTTGTTGTTGTTGTTGTTGTTGTTGTTGTTGTAATTGTGCTTGTTGTACTGGTAATTG
E00489:560:H7N33CCX2:1:2122:23977:11628,DiNV,chrx,DiNV,111,33,maybe,no,TTGTTGTTGTTGTTGTTGTTGTTGTTGTTGTAATTGTGCTTGTTGTACTGGTAATTGCACAACGGGTGTGGATGTGCTAATGGCACCCAATGATTGCATATTAGTGTTTCCATTAGAGGGTTTTACAT
E00489:560:H7N33CCX2:1:1124:15859:50234,DiNV,chrx,DiNV,101,37,maybe,no,TGGTTGTTGTTGTTGTTGTTGTTGTTGTTGTTGTAATTGTGCTTGTTGTACTGGTAATTGCACAACGGGTGTGGATGTGCTAATGGCACCCAATGATTGCATATTAGTGTTTCCATTAGAG
E00489:560:H7N33CCX2:1:2221:7618:45945,DiNV,chrx,DiNV,52,49,no,maybe,AAAAAAAATATATGCAATTGTAAAAATACAAAATGGAACAAATATTCATTTT
E00489:560:H7N33CCX2:1:2222:25124:39176,DiNV,chrx,chrx,62,79,no,maybe,ATCGAAATCTTCGTCACAGCTATAATCGGACCCCATTTGTTCGCGCAATTTGTTTTCTTCTT
E00489:560:H7N33CCX2:1:2120:32015:31846,DiNV,chrx,DiNV,97,36,maybe,no,TTGGACGAGAATTTCGTTCACTCTGTGTCGACTCCTGGTACTGATTTTGCTGTTGCTGTTGCTGTTGCTGGTGATGGTGGTGTTGTTGTTGTTGTTGTTGTTGTTGTTGTTGCGTAGCTTGTTGAGCAGTGTATG
E00489:560:H7N33CCX2:1:1111:3346:28382,DiNV,chrx,DiNV,55,36,yes,no,GATTTTGCTGTTGCTGTTGCTGTTGCTGGTGATGGTGGTGTTGTTGTTGTTGTTGTTGTTGTTGTTGTTGCTTAGATTGT
E00489:560:H7N33CCX2:1:1101:28798:11716,DiNV,chrx,DiNV,44,36,yes,no,TGCTGTTGCTGTTGCTGGTGATGGTGGTGTTGTTGTTGTTGTTGTTGTTGTTGTTGTTGCTTAGATTGTTG
E00489:560:H7N33CCX2:1:2109:32106:35449,DiNV,chrx,chrx,42,36,yes,no,CTGTTGCTGTTGCTGGTGATGGTGGTGTTGTTGTTGTTGTTGTTGTTGTTGTTGTTGCTTAGATTGT
E00489:560:H7N33CCX2:1:1123:12824:3770,DiNV,chrx,chrx,42,31,yes,no,GGTGTTGTTGTTGTTGTTGTTGTTGTTGTTGTTGCTTAGATTGTTGAGCAGTGTATGGA
E00489:560:H7N33CCX2:1:1123:14976:10380,DiNV,chrx,chrx,42,31,yes,no,GGTGTTGTTGTTGTTGTTGTTGTTGTTGTTGTTGCTTAGATTGTTGAGCAGTGTATGGA
E00489:560:H7N33CCX2:1:2220:9161:23442,DiNV,chrx,DiNV,102,44,maybe,maybe,GTGATGGTGGTGTTGTTGTTGTTGTTGTTGTTGTTGTTGTTGCTTAGATTGTTGAGCAGTGTATGGATCCAACTGACTGTGCATGGGTGGATTAATAATTGAATTATTATTATTATTATCAAACTGC
E00489:560:H7N33CCX2:1:2109:32106:35449,DiNV,chrx,DiNV,42,44,yes,no,TGTTGTTGTTGTTGTTGCTTAGATTGTTGAGCAGTGTATGGA
E00489:560:H7N33CCX2:1:1112:11667:62487,DiNV,chrx,DiNV,98,38,no,maybe,GTGCGATAAAATTGACCAATACCTTGCCTATAATACATAGATCGTAGTGTATCAAAAATTGAAGCCTTGTTGATAATTTGAATCGTTCGTAGTGCATCATAAATGCAGTTGTCAAAGCCAGACAATTTGACCACA
E00489:560:H7N33CCX2:1:1208:6948:52801,DiNV,chrx,DiNV,118,33,maybe,maybe,TCTTTCTAGTTTGTCGTCTTTTACGTATTTTATTTTTATTAATTTTTTGTATTTTATTATTAGATCCATCATTATTGTCATCATCATAGCTACCACTACCACCATCATCATCATCATCATCATCGTCGTCAGCGT
E00489:560:H7N33CCX2:1:2220:14154:59868,DiNV,chrx,DiNV,31M2D47M1I34M,49,maybe,maybe,CCATATTATTGAAGTTTTTTTTTTTTTCTCAACACACACACCATAACACATTTATATATATATAAATTATTTTTTTTATATTTGAAATTATAATATTTTTAATATATATATATATATATATATATATATATATAT
E00489:560:H7N33CCX2:1:1205:6969:4983,DiNV,chrx,DiNV,65M3D45M,31,maybe,maybe,TTAAAAATGCTAATGGAAGTTTATTAGATGTTTTGAATTCTTCATTATTTTCTACATCAGTATCATCATCGTCATCGTCGTCTTTAATAGAATCAAAAAAAGAAGTACAACAACAACAACAACAACAGCAACAAC
E00489:560:H7N33CCX2:1:2116:10358:18590,DiNV,chrx,DiNV,63M3D45M,32,maybe,maybe,AAAAATGCTAATGGAAGTTTATTAGATGTTTTGAATTCTTCATTATTTTCTACATCAGTATCATCATCGTCATCGTCGTCTTTAATAGAATCAAAAAAAGAAGTACAACAACAACAACAACAGCAACAACAACAA
E00489:560:H7N33CCX2:1:1205:6969:4983,DiNV,chrx,DiNV,59M3D45M,37,maybe,maybe,ATGCTAATGGAAGTTTATTAGATGTTTTGAATTCTTCATTATTTTCTACATCAGTATCATCATCGTCATCGTCGTCTTTAATAGAATCAAAAAAAGAAGTACAACAACAACAACAACAACAGCAACAACAACAAT
E00489:560:H7N33CCX2:1:2203:11373:10996,DiNV,chrx,DiNV,36,38,no,maybe,TCGTCGTCTTTAATAGAATCAAAAAAAGAAGTACAACAACAACAACAACAGCAACAACAACAATTATCATCGGAATGGC
E00489:560:H7N33CCX2:1:1103:6431:15619,DiNV,chrx,DiNV,105,36,no,maybe,AACAACAACAACAACAGCAACAACAACAATTATCATCGGAATGGCAATGTGAAAAATATGAAAGTTTAGTTAAATTAAATACAAATGCAATATGTTTACAACCTATCGCTGCAAGACAAGGTCAACGTTTCTATT
E00489:560:H7N33CCX2:1:1206:6218:27943,DiNV,chrx,DiNV,83,36,no,maybe,GAATCAAAAAAAGAAGTACAACAACAACAACAACAACAGCAACAACAACAATTATCATCGGAATGGCAATGTGAAAAATATGAAAGTTTAGTTAAATTAAATACAAATGCAATATGTTTACAACCTATCGCTGCA
E00489:560:H7N33CCX2:1:2202:28686:65775,DiNV,chrx,DiNV,106,36,no,maybe,ACAACAACAACAACAGCAACAACAACAATTATCATCGGAATGGCAATGTGAAAAATATGAAAGTTTAGTTAAATTAAATACAAATGCAATATGTTTACAACCTATCGCTGCAAGACAAGGTCAACGTTTCTATTT
E00489:560:H7N33CCX2:1:2219:27651:53363,DiNV,chrx,DiNV,57,35,no,maybe,CAACAACAACAACAGCAACAACAACAATTATCATCGGAATGGCAATGTGAAAAATATGAAAGTTTAGTTAAATTAAATACAAATG
E00489:560:H7N33CCX2:1:1106:12063:16164,DiNV,chrx,DiNV,90,36,no,maybe,AAAAAGAAGTACAACAACAACAACAACAACAGCAACAACAACAATTATCATCGGAATGGCAATGTGAAAAATATGAAAGTTTAGTTAAATTAAATACAAATGCAATATGTTTACAACCTATCGCTGCAAGACAAG
E00489:560:H7N33CCX2:1:1206:6218:27943,DiNV,chrx,DiNV,88,36,no,maybe,AAAAAAAGAAGTACAACAACAACAACAACAACAGCAACAACAACAATTATCATCGGAATGGCAATGTGAAAAATATGAAAGTTTAGTTAAATTAAATACAAATGCAATATGTTTACAACCTATCGCTGCAAGACA
E00489:560:H7N33CCX2:1:2203:24231:63156,DiNV,chrx,DiNV,93,38,no,maybe,AAAAAGAAGTACAACAACAACAACAACAGCAACAACAACAATTATCATCGGAATGGCAATGTGAAAAATATGAAAGTTTAGTTAAATTAAATACAAATGCAATATGTTTACAACCTATCGCTGCAAGACAAGGTC
E00489:560:H7N33CCX2:1:2209:23855:43483,DiNV,chrx,DiNV,91,38,no,maybe,AAAAAAAGAAGTACAACAACAACAACAACAGCAACAACAACAATTATCATCGGAATGGCAATGTGAAAAATATGAAAGTTTAGTTAAATTAAATACAAATGCAATATGTTTACAACCTATCGCTGCAAGACAAGG
E00489:560:H7N33CCX2:1:1120:9759:49795,DiNV,chrx,DiNV,34,31,no,?,AAGTTGTTTCACAGTAATATGTATGAAACGATACCTGTCTCTTATACACATCTGACGCTGCCGACGACTCCTTACGTGTAGATCTCGGTGGTCGCCGTATCATTAAAAAAATTTTTTTTTTTTTTTTTTTTTAAA
E00489:560:H7N33CCX2:1:2105:4929:39176,chr2 ,DiNV,DiNV,30,90,yes,no,CAACAACAACGACAACAGCAACAACAACAA
E00489:560:H7N33CCX2:1:2113:31040:56950,chr2 ,chr2 ,DiNV,36,52,yes,no,TAAAGGGTGCAAATAGAAAAATCTGAATAAAGGGAG
E00489:560:H7N33CCX2:1:2211:16072:6794,chr2 ,DiNV,DiNV,35,111,yes,no,ATGGTTGTTGTTGTTGTTGTTGTTGTTGTTGTTGT
E00489:560:H7N33CCX2:1:1103:6431:15619,chr2 ,DiNV,DiNV,36,88,yes,no,TACAACAACAACAACAACAACAGCAACAACAACAAT
E00489:560:H7N33CCX2:1:1106:12063:16164,chr2 ,DiNV,DiNV,36,82,yes,no,TACAACAACAACAACAACAACAGCAACAACAACAAT
E00489:560:H7N33CCX2:1:2105:4929:39176,chr2 ,DiNV,DiNV,36,82,yes,no,TACAACAACAACAACAACAACAGCAACAACAACAAT 
E00489:560:H7N33CCX2:1:2220:8927:35027,chr3,DiNV,DiNV,42,55M1D22M1D23M,no,maybe,GGCGACGGATCAGACGGAGCAGGAACTGGCAACAGCCCGGAC
E00489:560:H7N33CCX2:1:2220:8927:35027,chr3,DiNV,DiNV,50,55M1D22M1D15M,no,maybe,GGCGACGGATCAGACGGAGCAGGAACTGGCAACAGCCCGGACGAACCTGC
E00489:560:H7N33CCX2:1:1114:4990:50955,chr3,DiNV,ch3,114,32,maybe,maybe,CTGACAATCGTCACGATAAATGCCACACGCATGTGGCATGCAACAAAACGATTTTATATGCTTATTATGATTACTGACAGTTGTCGGTTGTTTCTGCTGCTGCTGCTGCTGCTGCTGCTGCTGCTGCTACTGATG
E00489:560:H7N33CCX2:1:1205:14397:14406,chr3,DiNV,ch3,114,32,maybe,maybe,CTGACAATCGTCACGATAAATGCCACACGCATGTGGCATGCAACAAAACGATTTTATATGCTTATTATGATTACTGACAGTTGTCGGTTGTTTCTGCTGCTGCTGCTGCTGCTGCTGCTGCTGCTGCTACTGATG
E00489:560:H7N33CCX2:1:2211:13007:62452,chr3,DiNV,ch3,114,32,maybe,maybe,CTGACAATCGTCACGATAAATGCCACACGCATGTGGCATGCAACAAAACGATTTTATATGCTTATTATGATTACTGACAGTTGTCGGTTGTTTCTGCTGCTGCTGCTGCTGCTGCTGCTGCTGCTGCTACTGATG
E00489:560:H7N33CCX2:1:1119:30289:8148,chr3,DiNV,ch3,100,33,maybe,maybe,GATAAATGCCACACGCATGTGGCATGCAACAAAACGATTTTATATGCTTATTATGATTACTGACAGTTGTCGGTTGTTTCTGCTGCTGCTGCTGCTGCTGCTGCTGCTGCTGCTACTGATGT
E00489:560:H7N33CCX2:1:2203:17665:38667,chr3,DiNV,ch3,87,32,maybe,maybe,CGCATGTGGCATGCAACAAAACGATTTTATATGCTTATTATGATTACTGACAGTTGTCGGTTGTTTCTGCTGCTGCTGCTGCTGCTGCTGCTGCTGCTGCTACTGATG
E00489:560:H7N33CCX2:1:2203:11373:10996,chr4,DiNV,DiNV,32,45,yes,no,ATTGTTGTTGTTGCTGTTGTTGTTGTTGTTGT
E00489:560:H7N33CCX2:1:2209:6197:39967,ch5,DiNV,chr5,59,31,no,maybe,TGATAATACTATATGCTTAGCGGCACGAGCTCCCATTAACAACATATTGAAATGGCTGGCGGTGGCGGATATGTTTGTCATGCTGGAGTA
E00489:560:H7N33CCX2:1:1113:2037:56176,ch5,DiNV,DiNV,42,56,yes,no,GGGGGTGGGGGGGGGGGGGGGGGGGGGGGGGTGGGGGGGGGG
E00489:560:H7N33CCX2:1:1113:2037:56176,ch5,DiNV,DiNV,42,56,yes,no,GGGGGTGGGGGGGGGGGGGGGGGGTGGGGGGGGGGGGGGGGG
E00489:560:H7N33CCX2:1:2224:10277:69115,ch5,DiNV,chr5,66,76,no,maybe,CAAGATTTCCCCGAATGCACGGGCCCTGCGACGCCATATCTACCACAAGTAATGTCCACTTCTAAT
E00489:560:H7N33CCX2:1:1218:21379:66232,ch5,DiNV,DiNV,35,113,yes,no,ATTACAACAACAACAACAACAACAACAACAACAAC
E00489:560:H7N33CCX2:1:2110:25154:62013,ch5,DiNV,DiNV,35,72,yes,no,ATTACAACAACAACAACAACAACAACAACAACAAC
E00489:560:H7N33CCX2:1:2206:29975:18643,ch5,DiNV,DiNV,37,101,yes,no,ATTACAACAACAACAACAACAACAACAACAACAACCA
E00489:560:H7N33CCX2:1:1218:8085:33146,ch5,DiNV,DiNV,35,101,yes,no,ATTACAACAACAACAACAACAACAACAACAACAAC
E00489:560:H7N33CCX2:1:2222:6573:23003,ch5,DiNV,DiNV,35,71,yes,no,ATTACAACAACAACAACAACAACAACAACAACAAC
E00489:560:H7N33CCX2:1:1101:13565:33990,ch5,DiNV,DiNV,35,117,yes,no,TGGTGTTGTTGTTGTTGTTGTTGTTGTTGTTGTTG
E00489:560:H7N33CCX2:1:1204:24738:68008,ch5,DiNV,DiNV,36,116,yes,no,CGAAGACGAAGATGATGATGATGATGATGATGATGA
E00489:560:H7N33CCX2:1:1211:29041:48423,ch5,DiNV,DiNV,36,116,yes,no,CGAAGACGAAGATGATGATGATGATGATGATGATGA
E00489:560:H7N33CCX2:1:2213:6137:8183,ch5,DiNV,DiNV,100,44,no,maybe,GATTTACCCGAAGATATAAAACCTGCCAGACTCTTCACTAAGTAAATATCTGCATACAAAGCAGAAAACTTTTAATTATAATAAGAAATTTTCTTGAGAATTGAAGTATTCAACACAGAGCCTCCATGAATTTGG
E00489:560:H7N33CCX2:1:1105:9211:48037,ch5,DiNV,DiNV,33,113,yes,no,TACAACAACAACAACAACAACAACAACAACCAT
E00489:560:H7N33CCX2:1:1123:14976:10380,chrx,DiNV,chrx,31,42,yes,no,GGTGTTGTTGTTGTTGTTGTTGTTGTTGTTG
E00489:560:H7N33CCX2:1:1123:12824:3770,chrx,DiNV,chrx,31,42,yes,no,GGTGTTGTTGTTGTTGTTGTTGTTGTTGTTG
E00489:560:H7N33CCX2:1:2221:7618:45945,chrx,DiNV,DiNV,49,42,maybe,no,AAAATGAATATTTGTTCCATTTTGTATTTTTACAATTGCATATATTTTTTTTGTACCCCCCCCCCCCCCCCCCCCCCCCCCCCCCCCCCCCCCCCCCCCCCCCCCCCCCCCCCCCCCCCCCCCCCCCCCCCCCCC
E00489:560:H7N33CCX2:1:1103:6431:15619,chrx,DiNV,DiNV,37,105,yes,no,GATGATAATTGTTGTTGTTGCTGTTGTTGTTGTTGTT
E00489:560:H7N33CCX2:1:2202:28686:65775,chrx,DiNV,DiNV,36,106,yes,no,GATGATAATTGTTGTTGTTGCTGTTGTTGTTGTTGT
E00489:560:H7N33CCX2:1:2219:27651:53363,chrx,DiNV,DiNV,35,57,yes,no,GATGATAATTGTTGTTGTTGCTGTTGTTGTTGTTG
E00489:560:H7N33CCX2:1:2203:11373:10996,chrx,DiNV,DiNV,38,36,yes,no,GATGATAATTGTTGTTGTTGCTGTTGTTGTTGTTGTTG
E00489:560:H7N33CCX2:1:2203:24231:63156,chrx,DiNV,DiNV,38,93,yes,no,GATGATAATTGTTGTTGTTGCTGTTGTTGTTGTTGTTG
E00489:560:H7N33CCX2:1:2209:23855:43483,chrx,DiNV,DiNV,38,91,yes,no,GATGATAATTGTTGTTGTTGCTGTTGTTGTTGTTGTTG
E00489:560:H7N33CCX2:1:2120:32015:31846,chrx,DiNV,DiNV,36,97,yes,no,TGTTGTTGTTGTTGTTGTTGTTGTTGTTGTTGCGTA
E00489:560:H7N33CCX2:1:2116:10358:18590,chrx,DiNV,DiNV,32,63M3D45M,yes,no,TTGTTGTTGTTGCTGTTGTTGTTGTTGTTGTA
E00489:560:H7N33CCX2:1:2116:10581:19399,chrx,DiNV,DiNV,32,63M3D45M,yes,no,TTGTTGTTGTTGCTGTTGTTGTTGTTGTTGTA
E00489:560:H7N33CCX2:1:1208:6948:52801,chrx,DiNV,DiNV,33,118,yes,no,ACGCTGACGACGATGATGATGATGATGATGATG
E00489:560:H7N33CCX2:1:1108:3934:5739,chrx,DiNV,DiNV,35,82,yes,no,ATTACAACAACAACAACAACAACAACAACAACAAC
E00489:560:H7N33CCX2:1:1122:9983:69941,chrx,DiNV,DiNV,37,61,yes,no,ATTACAACAACAACAACAACAACAACAACAACAACCA
E00489:560:H7N33CCX2:1:2220:13555:4052,chrx,DiNV,DiNV,35,49,yes,no,ATTACAACAACAACAACAACAACAACAACAACAAC
E00489:560:H7N33CCX2:1:1124:15859:50234,chrx,DiNV,DiNV,37,101,yes,no,ATTACAACAACAACAACAACAACAACAACAACAACCA
E00489:560:H7N33CCX2:1:1120:9759:49795,chrx,DiNV,DiNV,31,34,yes,no,ATTAAAAAAATTTTTTTTTTTTTTTTTTTTT
E00489:560:H7N33CCX2:1:1205:6969:4983,chrx,DiNV,DiNV,37,59M3D45M,yes,no,ATTGTTGTTGTTGCTGTTGTTGTTGTTGTTGTTGTAC
E00489:560:H7N33CCX2:1:1206:6218:27943,chrx,DiNV,DiNV,36,88,yes,no,TTGTTGTTGTTGCTGTTGTTGTTGTTGTTGTTGTAC
E00489:560:H7N33CCX2:1:2222:25124:39176,chrx,DiNV,chrx,79,62,no,maybe,ATAATGTTACTCTTGTCGTAAAACATGCACGCCCCTTCTGTTCTGATTGCTGGCTGCGAGCCATGATTCATAAATCGAAATCTTCGTCACAGCTATAATCGGACCCCATTTGTTCGCGCAATTTGTTTTCTTCTT
E00489:560:H7N33CCX2:1:1101:28798:11716,chrx,DiNV,DiNV,36,44,yes,no,TAAGCAACAACAACAACAACAACAACAACAACAACA
E00489:560:H7N33CCX2:1:1111:3346:28382,chrx,DiNV,DiNV,36,55,yes,no,TAAGCAACAACAACAACAACAACAACAACAACAACA
E00489:560:H7N33CCX2:1:2109:32106:35449,chrx,DiNV,chrx,36,42,yes,no,TAAGCAACAACAACAACAACAACAACAACAACAACA
E00489:560:H7N33CCX2:1:1106:12063:16164,chrx,DiNV,DiNV,36,90,yes,no,ACAACAACAACAACAACAACAGCAACAACAACAATT
E00489:560:H7N33CCX2:1:1206:6218:27943,chrx,DiNV,DiNV,36,83,yes,no,ACAACAACAACAACAACAACAGCAACAACAACAATT
E00489:560:H7N33CCX2:1:1205:6969:4983,chrx,DiNV,DiNV,33,65M3D45M,yes,no,GTTGTTGCTGTTGTTGTTGTTGTTGTTGTACTT
E00489:560:H7N33CCX2:1:1112:11667:62487,chrx,DiNV,DiNV,38,98,no,maybe,CATAAATGCAGTTGTCAAAGCCAGACAATTTGACCACA
E00489:560:H7N33CCX2:1:2220:9161:23442,chrx,DiNV,DiNV,44,102,yes,no,AGCAACAACAACAACAACAACAACAACAACAACACCACCATCAC
E00489:560:H7N33CCX2:1:2109:32106:35449,chrx,DiNV,DiNV,44,42,maybe,no,TCCATACACTGCTCAACAATCTAAGCAACAACAACAACAACAACAACAACAACAACACCACCATCAC
E00489:560:H7N33CCX2:1:2122:23977:11628,chrx,DiNV,DiNV,33,33,yes,no,TTACAACAACAACAACAACAACAACAACAACAA
E00489:560:H7N33CCX2:1:1221:6319:48828,chrx,DiNV,DiNV,40,13M2D46M1I35M,yes,no,ATATATATATATATATATATATATATATATATATTAAAAA
E00489:560:H7N33CCX2:1:2220:14154:59868,chrx,DiNV,DiNV,41,31M2D47M1I34M,yes,no,ATATATATATATATATATATATATATATATATATTAAAAAT